Model,Best Params,Accuracy,Precision,Recall,F1-Score,ROC-AUC
LogisticRegression,"{'C': 1, 'penalty': 'l2'}",0.8034066713981547,0.6501547987616099,0.5614973262032086,0.6025824964131994,0.8465266475496653
RandomForest,"{'max_depth': 10, 'min_samples_split': 5, 'n_estimators': 100}",0.801277501774308,0.6620689655172414,0.5133689839572193,0.5783132530120482,0.8490105660182387
GradientBoosting,"{'learning_rate': 0.1, 'max_depth': 3, 'n_estimators': 100}",0.8034066713981547,0.6622073578595318,0.5294117647058824,0.5884101040118871,0.8522152471001576
XGBoost,"{'learning_rate': 0.1, 'max_depth': 3, 'n_estimators': 100}",0.8026969481902059,0.6558441558441559,0.5401069518716578,0.592375366568915,0.8522410808855823
LightGBM,"{'learning_rate': 0.01, 'max_depth': 5, 'n_estimators': 200}",0.8048261178140526,0.6813186813186813,0.49732620320855614,0.5749613601236476,0.8531349298612725